sensor_id,load_dts,record_source
100,2025-12-13T23:22:11+00:00,master_sensors.csv
101,2025-12-13T23:22:11+00:00,master_sensors.csv
102,2025-12-13T23:22:11+00:00,master_sensors.csv
103,2025-12-13T23:22:11+00:00,master_sensors.csv
104,2025-12-13T23:22:11+00:00,master_sensors.csv
105,2025-12-13T23:22:11+00:00,master_sensors.csv
106,2025-12-13T23:22:11+00:00,master_sensors.csv
107,2025-12-13T23:22:11+00:00,master_sensors.csv
108,2025-12-13T23:22:11+00:00,master_sensors.csv
109,2025-12-13T23:22:11+00:00,master_sensors.csv
110,2025-12-13T23:22:11+00:00,master_sensors.csv
111,2025-12-13T23:22:11+00:00,master_sensors.csv
112,2025-12-13T23:22:11+00:00,master_sensors.csv
113,2025-12-13T23:22:11+00:00,master_sensors.csv
114,2025-12-13T23:22:11+00:00,master_sensors.csv
115,2025-12-13T23:22:11+00:00,master_sensors.csv
116,2025-12-13T23:22:11+00:00,master_sensors.csv
117,2025-12-13T23:22:11+00:00,master_sensors.csv
118,2025-12-13T23:22:11+00:00,master_sensors.csv
119,2025-12-13T23:22:11+00:00,master_sensors.csv
120,2025-12-13T23:22:11+00:00,master_sensors.csv
121,2025-12-13T23:22:11+00:00,master_sensors.csv
122,2025-12-13T23:22:11+00:00,master_sensors.csv
123,2025-12-13T23:22:11+00:00,master_sensors.csv
124,2025-12-13T23:22:11+00:00,master_sensors.csv
125,2025-12-13T23:22:11+00:00,master_sensors.csv
126,2025-12-13T23:22:11+00:00,master_sensors.csv
127,2025-12-13T23:22:11+00:00,master_sensors.csv
128,2025-12-13T23:22:11+00:00,master_sensors.csv
129,2025-12-13T23:22:11+00:00,master_sensors.csv
130,2025-12-13T23:22:11+00:00,master_sensors.csv
131,2025-12-13T23:22:11+00:00,master_sensors.csv
132,2025-12-13T23:22:11+00:00,master_sensors.csv
133,2025-12-13T23:22:11+00:00,master_sensors.csv
134,2025-12-13T23:22:11+00:00,master_sensors.csv
135,2025-12-13T23:22:11+00:00,master_sensors.csv
136,2025-12-13T23:22:11+00:00,master_sensors.csv
137,2025-12-13T23:22:11+00:00,master_sensors.csv
138,2025-12-13T23:22:11+00:00,master_sensors.csv
139,2025-12-13T23:22:11+00:00,master_sensors.csv
140,2025-12-13T23:22:11+00:00,master_sensors.csv
141,2025-12-13T23:22:11+00:00,master_sensors.csv
142,2025-12-13T23:22:11+00:00,master_sensors.csv
143,2025-12-13T23:22:11+00:00,master_sensors.csv
144,2025-12-13T23:22:11+00:00,master_sensors.csv
145,2025-12-13T23:22:11+00:00,master_sensors.csv
146,2025-12-13T23:22:11+00:00,master_sensors.csv
147,2025-12-13T23:22:11+00:00,master_sensors.csv
148,2025-12-13T23:22:11+00:00,master_sensors.csv
149,2025-12-13T23:22:11+00:00,master_sensors.csv
